"Date ","series ","OPEN ","HIGH ","LOW ","PREV. CLOSE ","ltp ","close ","vwap ","52W H ","52W L ","VOLUME ","VALUE ","No of trades "
"21-Sep-2020","EQ","179.40","180.70","163.10","179.50","166.50","167.15","170.48","221.20","84.90",26163752,"4,460,324,930.15",174984
"18-Sep-2020","EQ","177.45","182.20","176.55","175.85","179.40","179.50","179.53","221.20","84.90",28529345,"5,121,886,355.75",120413
"17-Sep-2020","EQ","182.70","182.70","175.35","183.80","175.80","175.85","177.42","221.20","84.90",18644374,"3,307,805,797.95",97835
"16-Sep-2020","EQ","177.10","184.60","175.45","176.75","183.65","183.80","181.24","221.20","84.90",14453137,"2,619,532,197.40",76272
"15-Sep-2020","EQ","177.40","179.35","174.50","175.80","176.90","176.75","177.36","221.20","84.90",10726850,"1,902,535,780.25",52616
"14-Sep-2020","EQ","179.00","180.50","174.60","178.65","175.00","175.80","177.23","221.20","84.90",11606088,"2,056,911,505.55",82936
"11-Sep-2020","EQ","178.70","180.00","174.80","176.65","178.05","178.65","177.31","221.20","84.90",15780825,"2,798,101,791.35",95137
"10-Sep-2020","EQ","185.00","185.30","173.35","182.80","177.45","176.65","177.92","221.20","84.90",19155966,"3,408,273,791.10",121855
"09-Sep-2020","EQ","177.35","183.80","171.75","180.25","183.15","182.80","177.42","221.20","84.90",22609547,"4,011,346,344.20",107930
"08-Sep-2020","EQ","188.20","188.20","179.55","187.50","180.00","180.25","184.62","221.20","84.90",9202591,"1,698,988,202.25",53629
"07-Sep-2020","EQ","188.30","191.50","186.60","188.30","187.30","187.50","188.47","221.20","84.90",6839485,"1,289,068,215.25",49817
"04-Sep-2020","EQ","188.05","194.00","184.85","192.00","188.85","188.30","189.95","221.20","84.90",16805286,"3,192,088,096.80",119727
"03-Sep-2020","EQ","196.15","196.15","191.55","196.20","191.95","192.00","192.52","221.20","84.90",11311035,"2,177,649,141.75",60209
"02-Sep-2020","EQ","194.00","196.90","192.55","194.05","196.25","196.20","194.92","221.20","84.90",11184434,"2,180,043,911.85",79996
"01-Sep-2020","EQ","185.20","195.45","185.00","185.25","195.00","194.05","192.18","221.20","84.90",24334798,"4,676,615,207.50",158179
"31-Aug-2020","EQ","195.00","197.00","184.25","193.80","184.70","185.25","189.53","221.20","84.90",17662267,"3,347,535,652.80",96407
"28-Aug-2020","EQ","195.10","196.15","193.00","194.90","193.90","193.80","194.40","221.20","84.90",8153155,"1,584,998,583.40",62150
"27-Aug-2020","EQ","193.50","195.65","192.60","193.50","194.50","194.90","194.49","221.20","84.90",7659883,"1,489,780,128.70",52691
"26-Aug-2020","EQ","192.00","195.00","191.25","191.30","193.50","193.50","193.11","221.20","84.90",8427750,"1,627,442,288.95",45548
"25-Aug-2020","EQ","195.40","196.40","190.05","193.30","191.60","191.30","192.57","221.20","84.90",13440054,"2,588,165,331.70",77605
"24-Aug-2020","EQ","197.45","197.80","192.45","196.25","194.15","193.30","194.45","221.20","84.90",10628935,"2,066,824,747.85",68895
"21-Aug-2020","EQ","201.75","203.15","195.35","199.00","195.80","196.25","199.12","221.20","84.90",18333749,"3,650,542,100.90",94922
"20-Aug-2020","EQ","193.05","202.35","192.45","196.80","198.75","199.00","199.02","221.20","84.90",28492195,"5,670,390,372.35",111432
"19-Aug-2020","EQ","196.85","197.65","194.30","196.00","196.75","196.80","196.03","221.20","84.90",16328384,"3,200,774,031.95",75040
"18-Aug-2020","EQ","193.20","197.25","192.05","192.55","195.80","196.00","194.64","221.20","84.90",20401537,"3,970,862,615.20",112204
"17-Aug-2020","EQ","185.15","193.45","184.25","184.95","193.20","192.55","189.31","221.20","84.90",25968794,"4,916,112,294.50",129717
"14-Aug-2020","EQ","184.35","189.45","180.60","183.55","183.80","184.95","185.17","221.20","84.90",28520588,"5,281,284,936.15",122313
"13-Aug-2020","EQ","178.00","184.60","178.00","175.80","183.20","183.55","182.67","221.20","84.90",26526487,"4,845,640,352.75",122001
"12-Aug-2020","EQ","177.35","177.35","172.70","178.95","176.20","175.80","174.43","221.20","84.90",17437082,"3,041,464,264.00",99669
"11-Aug-2020","EQ","180.00","186.60","178.00","178.60","178.70","178.95","182.90","221.20","84.90",30405570,"5,561,127,901.70",134447
"10-Aug-2020","EQ","176.90","179.00","174.40","177.60","178.60","178.60","176.73","221.20","84.90",9379771,"1,657,669,477.45",49279
"07-Aug-2020","EQ","176.45","179.00","175.35","178.00","177.40","177.60","177.51","221.20","84.90",10117776,"1,796,054,175.95",52395
"06-Aug-2020","EQ","178.00","178.90","174.20","175.75","178.05","178.00","176.47","221.20","84.90",23198187,"4,093,837,428.30",106626
"05-Aug-2020","EQ","163.90","177.40","163.50","162.35","177.10","175.75","172.17","221.20","84.90",47894902,"8,246,303,353.60",190173
"04-Aug-2020","EQ","162.00","164.60","160.75","161.35","162.00","162.35","162.63","221.20","84.90",13653474,"2,220,527,490.90",71236
"03-Aug-2020","EQ","163.10","167.50","160.75","163.10","161.10","161.35","164.19","221.20","84.90",16525231,"2,713,289,217.30",68434
"31-Jul-2020","EQ","161.90","164.50","159.60","162.00","164.00","163.10","161.86","221.20","84.90",9872796,"1,598,004,422.80",51131
"30-Jul-2020","EQ","164.95","165.70","160.00","164.05","161.10","162.00","163.12","221.20","84.90",8980592,"1,464,894,317.35",69334
"29-Jul-2020","EQ","164.30","168.50","163.30","164.70","164.35","164.05","166.24","221.20","84.90",15846640,"2,634,418,934.45",85099
"28-Jul-2020","EQ","158.55","165.25","158.55","158.20","164.20","164.70","162.62","221.20","84.90",15539141,"2,527,039,611.25",83692
"27-Jul-2020","EQ","157.00","159.80","154.60","156.20","157.85","158.20","158.01","221.20","84.90",12745526,"2,013,906,092.90",60026
"24-Jul-2020","EQ","159.95","160.95","154.30","162.00","156.40","156.20","156.50","221.20","84.90",15793429,"2,471,689,010.30",75118
"23-Jul-2020","EQ","160.70","162.45","159.70","159.90","161.95","162.00","161.28","221.20","84.90",8258361,"1,331,922,477.30",37655
"22-Jul-2020","EQ","160.55","163.90","157.40","160.00","160.05","159.90","161.05","221.20","84.90",17455793,"2,811,303,844.00",84654
"21-Jul-2020","EQ","162.85","163.00","157.55","160.90","159.90","160.00","159.34","221.20","84.90",13098794,"2,087,204,772.15",74493
"20-Jul-2020","EQ","162.20","162.95","159.65","162.15","160.95","160.90","161.11","221.20","84.90",14067880,"2,266,525,339.80",84712
"17-Jul-2020","EQ","166.50","169.10","161.15","166.05","162.90","162.15","164.95","221.20","84.90",14372019,"2,370,631,448.05",92806
"16-Jul-2020","EQ","164.90","166.80","161.05","165.40","165.30","166.05","163.90","221.20","84.90",12768487,"2,092,727,090.35",76906
"15-Jul-2020","EQ","166.35","168.50","164.50","163.80","165.10","165.40","166.71","221.20","84.90",11233336,"1,872,675,885.30",58796
"14-Jul-2020","EQ","167.70","168.70","161.95","169.25","163.55","163.80","164.91","221.20","84.90",16396527,"2,704,031,664.50",106470
"13-Jul-2020","EQ","165.30","170.50","164.10","163.70","169.90","169.25","167.28","221.20","84.90",21894781,"3,662,656,693.00",111389
"10-Jul-2020","EQ","163.70","164.50","160.35","164.80","163.95","163.70","162.43","221.20","84.90",16256682,"2,640,637,543.80",75460
"09-Jul-2020","EQ","157.00","166.45","156.90","155.00","165.20","164.80","162.80","221.20","84.90",45180721,"7,355,228,227.40",209675
"08-Jul-2020","EQ","152.75","158.00","152.40","152.30","155.40","155.00","155.36","221.20","84.90",18306904,"2,844,127,152.15",84789
"07-Jul-2020","EQ","155.00","156.90","151.80","154.35","152.30","152.30","153.87","221.20","84.90",13160147,"2,024,891,446.50",75720
"06-Jul-2020","EQ","147.80","155.15","147.10","146.40","154.70","154.35","152.68","221.20","84.90",24254507,"3,703,220,169.90",121377
"03-Jul-2020","EQ","148.60","149.45","144.55","147.75","146.15","146.40","146.05","221.20","84.90",10780269,"1,574,411,837.20",65163
"02-Jul-2020","EQ","148.90","150.30","146.75","147.55","147.90","147.75","148.14","221.20","84.90",9519998,"1,410,306,321.80",62124
"01-Jul-2020","EQ","147.50","148.85","144.50","146.20","147.70","147.55","147.10","221.20","84.90",8255408,"1,214,346,723.70",50509
"30-Jun-2020","EQ","148.00","151.60","145.20","145.85","147.35","146.20","148.73","221.20","84.90",14655359,"2,179,737,649.60",75173
"29-Jun-2020","EQ","149.45","149.45","143.30","151.05","146.30","145.85","145.39","221.20","84.90",13110762,"1,906,186,898.25",90938
"26-Jun-2020","EQ","149.00","152.00","148.20","146.60","150.80","151.05","149.97","221.20","84.90",12107609,"1,815,755,896.90",63002
"25-Jun-2020","EQ","149.00","152.30","144.60","151.40","147.85","146.60","148.36","221.20","84.90",18500713,"2,744,681,719.10",104666
"24-Jun-2020","EQ","159.40","160.10","150.45","158.35","151.10","151.40","155.86","221.20","84.90",15918298,"2,481,015,953.00",89844
"23-Jun-2020","EQ","152.90","159.50","150.60","150.10","158.25","158.35","155.93","221.20","84.90",22570976,"3,519,379,455.00",108997
"22-Jun-2020","EQ","150.90","151.45","149.00","151.05","150.10","150.10","150.03","221.20","84.90",8037341,"1,205,819,446.10",50757
"19-Jun-2020","EQ","152.35","152.35","148.50","150.80","150.75","151.05","150.64","221.20","84.90",14631329,"2,204,099,591.85",66476
"18-Jun-2020","EQ","148.45","151.40","147.30","148.00","150.55","150.80","149.50","221.20","84.90",9858458,"1,473,822,343.45",57615
"17-Jun-2020","EQ","149.70","152.10","147.20","150.10","147.60","148.00","149.44","221.20","84.90",13573299,"2,028,329,305.00",69589
"16-Jun-2020","EQ","149.90","154.60","146.90","145.80","149.85","150.10","151.42","221.20","84.90",28477572,"4,311,946,730.25",142967
"15-Jun-2020","EQ","149.05","152.35","143.75","146.05","146.40","145.80","147.63","221.20","84.90",34911162,"5,154,094,482.05",149770
"12-Jun-2020","EQ","138.00","146.85","136.20","144.40","145.90","146.05","143.17","221.20","84.90",15804922,"2,262,845,156.45",76623
"11-Jun-2020","EQ","145.90","147.45","142.45","146.95","145.85","144.40","144.62","221.20","84.90",12532830,"1,812,505,821.60",69539
"10-Jun-2020","EQ","143.90","148.00","141.80","142.60","147.00","146.95","145.56","221.20","84.90",17278403,"2,515,082,471.75",98823
"09-Jun-2020","EQ","148.00","150.35","141.20","146.35","142.50","142.60","146.73","221.20","84.90",19223809,"2,820,688,765.65",95518
"08-Jun-2020","EQ","155.00","155.85","145.50","149.25","146.90","146.35","149.95","221.20","84.90",16212010,"2,431,008,580.55",81350
"05-Jun-2020","EQ","143.80","151.00","143.40","142.65","149.80","149.25","149.00","221.20","84.90",21825146,"3,251,854,586.55",116072
"04-Jun-2020","EQ","143.30","144.65","138.35","143.35","143.85","142.65","141.93","221.20","84.90",11358324,"1,612,071,924.55",61466
"03-Jun-2020","EQ","142.90","146.80","142.30","141.15","143.90","143.35","144.79","221.20","84.90",12470626,"1,805,618,314.50",109048
"02-Jun-2020","EQ","140.90","143.50","138.85","139.15","140.95","141.15","141.06","221.20","84.90",12836275,"1,810,627,343.60",69820
"01-Jun-2020","EQ","141.90","145.45","138.55","138.85","139.20","139.15","142.40","221.20","84.90",14504825,"2,065,495,332.15",100355
"29-May-2020","EQ","135.95","141.15","134.60","138.40","138.45","138.85","137.46","221.20","84.90",19390844,"2,665,498,692.40",87292
"28-May-2020","EQ","134.40","139.40","133.60","133.30","138.35","138.40","137.53","221.20","84.90",21951352,"3,018,964,335.45",122928
"27-May-2020","EQ","130.40","134.80","130.00","129.10","132.80","133.30","133.24","221.20","84.90",32423472,"4,320,261,177.55",153848
"26-May-2020","EQ","125.55","130.45","125.50","124.85","128.55","129.10","129.03","221.20","84.90",18786955,"2,424,067,081.30",106291
"22-May-2020","EQ","126.50","126.50","123.60","129.50","124.40","124.85","124.80","221.20","84.90",17059557,"2,128,978,117.40",86482
"21-May-2020","EQ","121.40","130.75","120.65","120.80","127.80","129.50","127.29","221.20","84.90",34325678,"4,369,386,439.10",177893
"20-May-2020","EQ","117.30","121.95","116.25","117.30","121.40","120.80","119.39","221.20","84.90",8718400,"1,040,859,304.25",44125
"19-May-2020","EQ","117.75","120.40","116.55","115.35","117.05","117.30","118.74","221.20","84.90",15916452,"1,889,905,978.45",59204
"18-May-2020","EQ","120.55","121.00","114.30","119.25","115.70","115.35","116.46","221.20","84.90",14500151,"1,688,625,703.80",80177
"15-May-2020","EQ","118.40","120.90","117.40","117.20","118.95","119.25","119.27","221.20","84.90",12510164,"1,492,063,225.45",71757
"14-May-2020","EQ","119.00","120.90","117.00","123.55","117.60","117.20","118.30","221.20","84.90",12778247,"1,511,639,509.20",75836
"13-May-2020","EQ","125.50","126.95","121.60","121.10","123.60","123.55","124.07","221.20","84.90",13922283,"1,727,281,820.95",71099
"12-May-2020","EQ","118.90","122.25","116.40","119.75","120.75","121.10","119.54","221.20","84.90",13673763,"1,634,520,433.05",89266
"11-May-2020","EQ","118.95","121.40","117.55","117.10","119.80","119.75","120.10","221.20","84.90",13916703,"1,671,377,580.55",90028
"08-May-2020","EQ","122.90","123.00","115.85","117.65","117.15","117.10","119.79","221.20","84.90",21603443,"2,587,785,253.10",134033
"07-May-2020","EQ","117.00","122.00","116.70","118.60","118.55","117.65","119.22","221.20","84.90",16733347,"1,994,971,534.10",90478
"06-May-2020","EQ","116.00","120.70","115.50","115.90","118.90","118.60","118.45","221.20","84.90",15993883,"1,894,534,671.40",79296
"05-May-2020","EQ","120.00","120.75","115.00","115.90","117.00","115.90","117.58","221.20","84.90",19405541,"2,281,626,473.80",109309
"04-May-2020","EQ","121.40","123.00","114.60","130.20","116.30","115.90","116.85","221.20","84.90",22496899,"2,628,686,839.80",144514
"30-Apr-2020","EQ","120.00","132.20","119.50","116.30","130.00","130.20","125.85","221.20","84.90",45993743,"5,788,198,792.85",217908
"29-Apr-2020","EQ","109.00","117.65","108.30","108.75","116.40","116.30","115.02","221.20","84.90",35702266,"4,106,304,253.40",160691
"28-Apr-2020","EQ","109.20","110.65","106.70","108.20","108.70","108.75","108.46","221.20","84.90",13489959,"1,463,056,675.55",63678
"27-Apr-2020","EQ","106.40","109.70","105.30","103.65","108.15","108.20","107.83","221.20","84.90",18657008,"2,011,782,101.10",99697
"24-Apr-2020","EQ","109.95","109.95","102.85","111.25","104.60","103.65","106.75","221.20","84.90",16901936,"1,804,233,467.45",92154
"23-Apr-2020","EQ","109.00","113.30","108.35","108.30","111.25","111.25","111.54","221.20","84.90",16545796,"1,845,547,581.90",104078
"22-Apr-2020","EQ","106.50","108.75","102.75","107.10","108.60","108.30","105.86","221.20","84.90",14420045,"1,526,436,108.35",84611
"21-Apr-2020","EQ","113.65","113.70","105.80","116.45","107.05","107.10","107.44","221.20","84.90",22935461,"2,464,210,901.25",177376
"20-Apr-2020","EQ","125.00","125.15","115.75","124.15","117.15","116.45","119.14","221.20","84.90",18342560,"2,185,412,920.25",102716
"17-Apr-2020","EQ","124.00","125.70","119.10","120.55","124.75","124.15","122.50","221.20","84.90",14577305,"1,785,715,059.70",75431
"16-Apr-2020","EQ","118.90","121.90","114.45","115.10","121.00","120.55","118.69","221.20","84.90",18972010,"2,251,723,636.05",97839
"15-Apr-2020","EQ","120.00","124.00","113.80","113.80","115.50","115.10","118.51","221.20","84.90",45561435,"5,399,384,786.45",245270
"13-Apr-2020","EQ","109.00","114.35","105.10","107.55","114.00","113.80","110.40","221.20","84.90",23260082,"2,567,883,397.45",131134
"09-Apr-2020","EQ","105.00","109.00","101.85","100.85","107.85","107.55","104.98","221.20","84.90",14944332,"1,568,816,240.95",87330
"08-Apr-2020","EQ","99.50","111.80","98.90","103.95","101.15","100.85","104.61","221.20","84.90",24227475,"2,534,365,434.35",110310
"07-Apr-2020","EQ","92.15","106.55","90.00","88.80","100.50","103.95","97.69","221.20","84.90",23640664,"2,309,374,609.80",127375
"03-Apr-2020","EQ","92.10","93.45","88.40","91.65","88.80","88.80","89.68","221.20","84.90",8216768,"736,871,173.90",59406
"01-Apr-2020","EQ","94.95","95.40","91.00","95.70","91.70","91.65","92.01","221.20","84.90",9271055,"852,991,596.15",55724
"31-Mar-2020","EQ","91.95","97.25","91.00","88.80","94.90","95.70","94.57","221.20","84.90",15558731,"1,471,313,090.55",84437
"30-Mar-2020","EQ","88.10","91.45","86.55","91.55","89.55","88.80","89.51","221.20","84.90",9970409,"892,415,925.00",49119
"27-Mar-2020","EQ","97.50","99.30","90.30","94.55","91.45","91.55","93.87","221.20","84.90",9159047,"859,720,533.10",62856
"26-Mar-2020","EQ","97.50","97.60","92.25","94.55","95.00","94.55","94.67","221.20","84.90",11013084,"1,042,623,562.65",89558
"25-Mar-2020","EQ","88.95","97.20","88.05","88.75","94.60","94.55","93.16","221.20","84.90",7877985,"733,927,794.95",56656
"24-Mar-2020","EQ","89.05","94.80","85.00","87.90","89.00","88.75","88.32","221.20","84.90",16845643,"1,487,789,780.25",94978
"23-Mar-2020","EQ","94.95","99.95","84.90","105.50","89.80","87.90","89.85","221.20","84.90",14591356,"1,310,978,594.60",88666
"20-Mar-2020","EQ","101.20","107.70","98.70","99.75","105.50","105.50","103.58","221.20","97.55",13928854,"1,442,694,189.30",66770
"19-Mar-2020","EQ","103.00","107.90","97.55","109.20","98.75","99.75","104.06","221.20","97.55",11569862,"1,203,950,612.75",81612
"18-Mar-2020","EQ","119.00","119.00","108.15","115.40","109.40","109.20","112.30","221.20","103.10",12106435,"1,359,499,690.05",92758
"17-Mar-2020","EQ","117.00","120.85","113.85","115.65","115.20","115.40","117.23","221.20","103.10",11615932,"1,361,691,768.90",87135
"16-Mar-2020","EQ","120.80","129.05","114.45","127.45","116.75","115.65","121.17","221.20","103.10",20577695,"2,493,485,530.95",141110
"13-Mar-2020","EQ","113.90","130.00","103.10","120.20","129.60","127.45","119.38","221.20","103.10",15365436,"1,834,273,295.60",84761
"12-Mar-2020","EQ","130.00","130.00","118.15","137.80","120.90","120.20","124.77","221.20","118.15",15926860,"1,987,150,240.75",119966
"11-Mar-2020","EQ","142.00","142.35","137.10","143.45","137.60","137.80","139.87","221.20","137.10",9682823,"1,354,342,171.10",74231
"09-Mar-2020","EQ","143.90","145.80","140.30","150.10","142.70","143.45","143.36","221.20","140.00",10550465,"1,512,478,880.40",89638
"06-Mar-2020","EQ","148.95","151.45","140.00","155.50","150.50","150.10","148.69","221.20","140.00",11173720,"1,661,411,145.90",60773
"05-Mar-2020","EQ","162.70","167.90","154.85","160.60","155.85","155.50","159.25","221.20","146.85",12338386,"1,964,846,435.70",67416
"04-Mar-2020","EQ","160.00","161.70","156.90","159.30","161.00","160.60","159.31","221.20","146.85",12074078,"1,923,573,814.55",85696
"03-Mar-2020","EQ","152.10","160.45","150.80","149.75","160.10","159.30","154.88","221.20","146.85",21836942,"3,382,003,684.15",123096
"02-Mar-2020","EQ","160.55","161.45","146.85","155.90","151.45","149.75","155.40","221.20","146.85",11441351,"1,778,020,670.40",95290
"28-Feb-2020","EQ","162.00","162.20","154.10","168.35","155.00","155.90","158.36","221.20","154.10",14033411,"2,222,273,050.25",102274
"27-Feb-2020","EQ","169.95","170.30","166.15","169.90","168.40","168.35","168.02","221.20","166.15",7657497,"1,286,643,287.45",61177
"26-Feb-2020","EQ","172.95","173.20","167.75","174.45","169.85","169.90","169.93","221.20","167.75",16855158,"2,864,166,656.80",86262
"25-Feb-2020","EQ","181.00","181.45","174.05","179.05","174.40","174.45","177.41","221.20","171.10",10694830,"1,897,354,200.95",59947
"24-Feb-2020","EQ","186.90","186.90","177.90","189.95","179.40","179.05","180.69","221.20","171.10",14690243,"2,654,437,487.95",85565
"20-Feb-2020","EQ","187.80","191.00","185.40","188.10","190.00","189.95","188.82","221.20","171.10",6207445,"1,172,072,212.65",29616
"19-Feb-2020","EQ","186.00","188.60","184.40","184.35","187.95","188.10","186.67","221.20","171.10",4317249,"805,885,168.90",32558
"18-Feb-2020","EQ","189.15","189.45","181.75","190.25","184.80","184.35","185.12","221.20","171.10",8152961,"1,509,300,995.80",51983
"17-Feb-2020","EQ","194.00","194.70","189.75","194.00","190.45","190.25","191.78","221.20","171.10",3484321,"668,218,072.55",18760
"14-Feb-2020","EQ","195.50","197.00","193.45","195.25","193.75","194.00","195.39","221.20","171.10",3798528,"742,176,629.20",27239
"13-Feb-2020","EQ","194.70","197.00","192.40","193.65","195.30","195.25","194.98","221.20","171.10",6711481,"1,308,571,553.65",43249
"12-Feb-2020","EQ","194.25","196.40","191.20","193.65","194.60","193.65","194.11","221.20","171.10",10581151,"2,053,871,417.10",68567
"11-Feb-2020","EQ","192.40","196.95","192.00","190.85","194.05","193.65","194.74","221.20","171.10",7530810,"1,466,576,337.35",60044
"10-Feb-2020","EQ","195.90","196.95","189.60","197.40","191.00","190.85","191.79","221.20","171.10",5385023,"1,032,787,175.75",45111
"07-Feb-2020","EQ","194.00","198.40","192.85","194.00","195.95","197.40","197.01","221.20","171.10",6977770,"1,374,721,057.70",33718
"06-Feb-2020","EQ","196.40","197.35","192.65","196.30","194.00","194.00","194.65","221.20","171.10",7348886,"1,430,429,558.30",38862
"05-Feb-2020","EQ","190.10","197.55","188.30","189.25","196.10","196.30","193.00","221.20","171.10",7411014,"1,430,326,774.35",40302
"04-Feb-2020","EQ","183.00","190.35","183.00","181.80","189.15","189.25","187.57","221.20","171.10",9235507,"1,732,305,691.00",50911
"03-Feb-2020","EQ","183.90","185.60","180.30","184.40","182.20","181.80","182.39","221.20","171.10",7678833,"1,400,518,974.85",39146
"01-Feb-2020","EQ","187.65","189.85","182.80","189.35","184.45","184.40","186.66","221.20","171.10",3885637,"725,300,351.10",31698
"31-Jan-2020","EQ","194.80","195.15","188.25","193.45","189.40","189.35","191.37","221.20","171.10",6008376,"1,149,798,787.85",41427
"30-Jan-2020","EQ","197.30","197.75","192.70","197.75","193.00","193.45","195.34","221.20","171.10",8588693,"1,677,745,053.30",81727
"29-Jan-2020","EQ","197.65","200.40","197.10","196.00","197.45","197.75","198.84","221.20","171.10",8978837,"1,785,389,586.75",75257
"28-Jan-2020","EQ","199.40","199.40","194.20","198.25","196.20","196.00","196.39","221.20","171.10",6308211,"1,238,838,178.80",53007
"27-Jan-2020","EQ","203.55","203.55","197.40","205.40","200.00","198.25","199.78","221.20","171.10",7942736,"1,586,783,814.70",65835
"24-Jan-2020","EQ","204.50","207.70","202.25","204.60","205.25","205.40","205.56","221.20","171.10",5749852,"1,181,929,281.45",35101
"23-Jan-2020","EQ","203.60","205.35","202.75","203.60","204.50","204.60","204.05","221.20","171.10",5560681,"1,134,681,779.15",37066
"22-Jan-2020","EQ","205.60","207.80","203.00","205.15","203.50","203.60","205.36","221.20","171.10",6268889,"1,287,371,647.35",46260
"21-Jan-2020","EQ","206.00","208.50","204.65","207.30","205.10","205.15","206.26","221.20","171.10",4479791,"923,979,559.50",38494
"20-Jan-2020","EQ","210.10","210.80","206.75","210.05","207.25","207.30","208.11","221.20","171.10",3977566,"827,789,554.50",42456
"17-Jan-2020","EQ","209.50","212.00","208.15","209.65","210.10","210.05","210.32","221.20","171.10",8678002,"1,825,131,354.45",65564
"16-Jan-2020","EQ","214.00","214.75","209.00","213.65","209.60","209.65","210.50","221.20","171.10",6986058,"1,470,560,705.50",33488
"15-Jan-2020","EQ","211.10","215.00","210.00","211.95","213.25","213.65","213.23","221.20","171.10",9564560,"2,039,414,000.80",54188
"14-Jan-2020","EQ","212.50","214.75","210.80","211.20","211.70","211.95","212.49","221.20","171.10",7981507,"1,696,000,728.95",38799
"13-Jan-2020","EQ","212.80","213.00","209.50","211.50","210.90","211.20","211.28","221.20","171.10",6614653,"1,397,573,779.40",37968
"10-Jan-2020","EQ","212.30","214.20","210.20","210.75","211.15","211.50","212.17","221.20","171.10",7800086,"1,654,963,675.90",50669
"09-Jan-2020","EQ","211.50","211.95","208.90","207.40","210.30","210.75","210.50","221.20","171.10",8676205,"1,826,382,279.05",66672
"08-Jan-2020","EQ","206.00","208.65","204.50","208.85","207.00","207.40","206.57","221.20","171.10",12470053,"2,575,877,592.20",65064
"07-Jan-2020","EQ","210.55","213.20","207.70","209.30","208.70","208.85","210.43","221.20","171.10",12767569,"2,686,692,273.65",67553
"06-Jan-2020","EQ","215.00","215.65","208.05","216.45","208.45","209.30","210.86","221.20","171.10",7798846,"1,644,474,458.25",60487
"03-Jan-2020","EQ","219.30","219.95","216.05","220.15","216.50","216.45","217.48","228.50","171.10",8658243,"1,882,983,521.80",66849
"02-Jan-2020","EQ","216.00","221.20","216.00","214.30","219.60","220.15","218.22","228.50","171.10",15238841,"3,325,410,286.90",143217
"01-Jan-2020","EQ","216.15","217.45","213.20","216.15","214.80","214.30","214.92","228.50","171.10",5085208,"1,092,935,267.45",32236
"31-Dec-2019","EQ","217.00","219.40","215.50","217.95","215.80","216.15","217.44","228.50","171.10",9432449,"2,051,034,785.75",67862
"30-Dec-2019","EQ","216.30","219.00","211.15","215.45","217.80","217.95","214.53","228.50","171.10",11352906,"2,435,551,719.20",69196
"27-Dec-2019","EQ","216.10","217.15","214.40","215.00","215.10","215.45","215.44","228.50","171.10",5252162,"1,131,528,800.85",30256
"26-Dec-2019","EQ","216.75","217.60","214.30","216.25","214.95","215.00","215.88","228.50","171.10",7436907,"1,605,502,116.30",36952
"24-Dec-2019","EQ","218.25","218.30","215.15","215.15","216.00","216.25","216.51","228.50","171.10",7782646,"1,684,993,758.45",41632
"23-Dec-2019","EQ","216.80","219.35","213.35","215.50","214.85","215.15","215.98","228.50","171.10",10295626,"2,223,651,424.55",69945
"20-Dec-2019","EQ","216.30","218.10","214.80","216.30","215.65","215.50","216.46","228.50","171.10",8175626,"1,769,681,142.10",77408
"19-Dec-2019","EQ","212.40","217.25","211.15","213.65","216.00","216.30","213.94","228.50","171.10",6847801,"1,465,013,756.25",44413
"18-Dec-2019","EQ","214.55","215.50","212.20","213.70","213.75","213.65","214.10","228.50","171.10",11721371,"2,509,577,062.05",80223
"17-Dec-2019","EQ","207.90","214.80","206.80","206.65","213.50","213.70","211.89","228.50","171.10",16629136,"3,523,562,521.85",85201
"16-Dec-2019","EQ","210.00","211.65","206.20","208.25","206.55","206.65","208.32","228.50","171.10",8779955,"1,829,031,686.55",51789
"13-Dec-2019","EQ","207.00","209.00","205.30","201.45","208.60","208.25","207.40","228.50","171.10",14246993,"2,954,842,342.85",106336
"12-Dec-2019","EQ","197.30","204.25","197.30","196.60","201.20","201.45","201.86","228.50","171.10",10621630,"2,144,126,140.00",65860
"11-Dec-2019","EQ","200.00","200.00","194.70","199.10","196.60","196.60","197.14","228.50","171.10",4757660,"937,910,894.05",47826
"10-Dec-2019","EQ","198.70","200.60","197.70","198.85","198.75","199.10","199.21","228.50","171.10",4876818,"971,497,651.65",38536
"09-Dec-2019","EQ","198.65","202.25","197.10","197.95","198.65","198.85","200.07","228.50","171.10",5743160,"1,149,039,362.65",35247
"06-Dec-2019","EQ","199.00","200.70","195.65","198.55","197.50","197.95","198.25","237.90","171.10",3819461,"757,222,403.05",21835
"05-Dec-2019","EQ","199.05","201.45","197.25","201.10","198.10","198.55","199.39","237.90","171.10",4443222,"885,949,043.45",27255
"04-Dec-2019","EQ","194.20","201.75","192.80","196.00","201.10","201.10","197.45","237.90","171.10",6574810,"1,298,173,777.05",37458
"03-Dec-2019","EQ","200.10","200.50","194.60","200.80","197.00","196.00","196.13","237.90","171.10",5815771,"1,140,633,360.65",33211
"02-Dec-2019","EQ","200.00","202.55","198.45","200.15","200.85","200.80","200.64","237.90","171.10",5195682,"1,042,443,646.10",29577
"29-Nov-2019","EQ","203.00","204.50","196.55","204.10","199.80","200.15","199.91","237.90","171.10",10212511,"2,041,581,929.70",49104
"28-Nov-2019","EQ","203.00","205.30","200.10","203.00","203.90","204.10","202.98","237.90","171.10",5421765,"1,100,503,752.75",41118
"27-Nov-2019","EQ","199.40","203.50","199.40","198.70","203.05","203.00","202.06","237.90","171.10",7251212,"1,465,204,411.05",49013
"26-Nov-2019","EQ","200.15","202.90","197.55","199.25","198.95","198.70","199.76","237.90","171.10",16163735,"3,228,899,775.20",133609
"25-Nov-2019","EQ","191.50","200.65","190.35","190.25","198.75","199.25","197.63","237.90","171.10",16931103,"3,346,160,535.80",92977
"22-Nov-2019","EQ","188.00","191.30","187.05","188.60","189.50","190.25","189.32","237.90","171.10",4635776,"877,645,878.40",27856
"21-Nov-2019","EQ","190.20","192.90","188.05","190.75","188.90","188.60","190.62","237.90","171.10",6342754,"1,209,028,189.40",45153
"20-Nov-2019","EQ","193.00","193.85","190.25","192.35","190.80","190.75","191.90","237.90","171.10",4437118,"851,494,706.55",32016
"19-Nov-2019","EQ","193.60","194.00","190.65","193.60","193.25","192.35","192.01","237.90","171.10",3476640,"667,542,474.60",26875
"18-Nov-2019","EQ","188.55","194.85","187.20","187.75","194.00","193.60","192.27","237.90","171.10",8873375,"1,706,095,920.55",61711
"15-Nov-2019","EQ","188.50","190.15","187.10","188.50","187.70","187.75","188.57","240.00","171.10",4558349,"859,568,035.90",26253
"14-Nov-2019","EQ","193.35","193.40","187.80","193.15","188.20","188.50","189.42","240.00","171.10",6720055,"1,272,898,721.85",45338
"13-Nov-2019","EQ","197.05","201.95","192.35","200.15","193.50","193.15","197.05","240.00","171.10",13457979,"2,651,878,522.15",75092
"11-Nov-2019","EQ","203.95","203.95","199.50","203.85","199.55","200.15","200.99","240.00","171.10",6851401,"1,377,030,977.35",42633
"08-Nov-2019","EQ","205.05","207.00","203.10","205.20","204.15","203.85","205.36","245.30","171.10",10082727,"2,070,568,362.55",76336
"07-Nov-2019","EQ","202.90","207.30","199.25","201.50","205.95","205.20","203.52","245.30","171.10",17556268,"3,572,999,785.05",79863
"06-Nov-2019","EQ","199.00","203.65","197.65","198.60","201.40","201.50","200.76","245.30","171.10",13028120,"2,615,516,598.30",61007
"05-Nov-2019","EQ","199.00","202.70","197.35","197.95","198.50","198.60","199.93","245.30","171.10",8912298,"1,781,869,159.95",57204
"04-Nov-2019","EQ","195.50","204.10","195.50","193.75","197.60","197.95","200.16","245.30","171.10",15421372,"3,086,768,093.60",77589
"01-Nov-2019","EQ","188.05","194.35","187.35","187.90","193.80","193.75","191.71","245.30","171.10",6921052,"1,326,841,823.20",43308
"31-Oct-2019","EQ","188.15","190.90","186.60","187.20","187.45","187.90","188.80","245.30","171.10",6501134,"1,227,444,786.50",39240
"30-Oct-2019","EQ","186.80","189.45","184.40","184.30","187.70","187.20","187.29","245.30","171.10",5978614,"1,119,726,123.90",32641
"29-Oct-2019","EQ","183.40","188.15","182.45","182.10","184.00","184.30","185.63","245.30","171.10",9687658,"1,798,291,040.30",70250
"27-Oct-2019","EQ","182.10","182.90","181.30","181.75","182.10","182.10","182.37","245.30","171.10",368603,"67,222,144.05",3220
"25-Oct-2019","EQ","181.50","183.40","181.00","181.35","181.20","181.75","182.15","245.30","171.10",5956396,"1,084,951,503.00",46059
"24-Oct-2019","EQ","186.25","186.65","180.70","185.10","181.15","181.35","183.84","245.30","171.10",6890297,"1,266,686,336.40",60188
"23-Oct-2019","EQ","185.10","187.60","184.00","185.75","185.20","185.10","185.36","245.30","171.10",5610514,"1,039,954,250.05",52741
"22-Oct-2019","EQ","186.45","190.95","185.05","187.40","185.20","185.75","187.75","245.30","171.10",6683536,"1,254,831,186.90",71208
"18-Oct-2019","EQ","187.95","191.35","186.65","188.80","186.85","187.40","188.40","245.30","171.10",7347790,"1,384,346,767.95",40920
"17-Oct-2019","EQ","185.50","189.75","182.55","187.95","188.60","188.80","185.55","245.30","171.10",9520625,"1,766,570,972.75",60987
"16-Oct-2019","EQ","192.50","194.15","187.15","192.55","188.00","187.95","188.76","245.30","171.10",8082988,"1,525,726,774.90",51427
"15-Oct-2019","EQ","187.90","195.55","185.90","188.70","192.20","192.55","190.97","245.30","171.10",6691660,"1,277,937,215.50",37382
"14-Oct-2019","EQ","189.50","191.00","187.05","187.20","188.40","188.70","189.06","245.30","171.10",5222539,"987,364,079.80",28636
"11-Oct-2019","EQ","183.50","189.20","183.30","182.25","187.30","187.20","186.82","245.30","171.10",7642682,"1,427,774,313.65",49649
"10-Oct-2019","EQ","184.45","185.95","181.80","186.05","182.55","182.25","182.90","245.30","171.10",4351508,"795,882,167.25",30522
"09-Oct-2019","EQ","182.05","187.15","180.70","182.30","186.35","186.05","184.17","245.30","171.10",4536877,"835,566,718.10",33783
"07-Oct-2019","EQ","182.25","185.15","181.10","182.10","182.10","182.30","183.16","245.30","171.10",4525369,"828,866,466.45",27863
"04-Oct-2019","EQ","184.00","185.75","181.55","182.60","182.05","182.10","183.87","259.75","171.10",6277398,"1,154,251,523.75",41663
"03-Oct-2019","EQ","186.50","187.95","180.00","189.75","182.15","182.60","182.92","259.75","171.10",13862733,"2,535,764,934.05",66218
"01-Oct-2019","EQ","191.30","194.55","186.75","191.35","189.45","189.75","190.67","259.75","171.10",6163235,"1,175,137,815.25",48620
"30-Sep-2019","EQ","189.40","191.90","184.75","190.70","191.30","191.35","188.16","259.75","171.10",6521755,"1,227,110,291.65",42789
"27-Sep-2019","EQ","194.55","194.95","189.50","195.95","190.95","190.70","191.11","259.75","171.10",4392645,"839,499,652.60",46039
"26-Sep-2019","EQ","191.00","196.50","190.25","189.90","195.70","195.95","195.08","259.75","171.10",8625560,"1,682,714,460.80",63611
"25-Sep-2019","EQ","196.10","196.60","188.90","197.80","189.40","189.90","191.70","259.75","171.10",7163444,"1,373,213,350.55",67225
"24-Sep-2019","EQ","199.95","202.35","196.05","200.00","197.30","197.80","198.65","259.75","171.10",5805761,"1,153,338,681.75",34148
"23-Sep-2019","EQ","204.55","206.85","198.00","202.15","199.00","200.00","201.04","259.75","171.10",7366155,"1,480,921,533.70",43999
"20-Sep-2019","EQ","196.05","208.20","194.75","195.95","202.00","202.15","202.93","259.75","171.10",14594234,"2,961,624,960.95",73237
"19-Sep-2019","EQ","198.00","198.90","193.15","198.00","195.70","195.95","195.93","259.75","171.10",4158836,"814,824,842.35",43839
"18-Sep-2019","EQ","198.40","200.80","197.15","197.95","198.20","198.00","199.29","259.75","171.10",7326216,"1,460,034,096.35",42049
"17-Sep-2019","EQ","200.00","202.95","196.65","200.40","197.50","197.95","199.94","259.75","171.10",6911141,"1,381,806,432.70",44457
"16-Sep-2019","EQ","198.10","201.25","197.95","200.35","201.15","200.40","199.60","259.75","171.10",5748421,"1,147,400,433.10",29512
"13-Sep-2019","EQ","196.65","201.90","195.20","197.10","201.30","200.35","197.75","259.75","171.10",6473051,"1,280,041,132.05",31944
"12-Sep-2019","EQ","193.95","197.60","193.60","193.45","196.65","197.10","196.08","259.75","171.10",8635479,"1,693,225,229.20",40368
"11-Sep-2019","EQ","189.10","194.20","189.00","189.25","193.60","193.45","192.18","259.75","171.10",5904788,"1,134,787,830.60",47869
"09-Sep-2019","EQ","188.50","190.05","184.75","188.40","188.95","189.25","187.95","259.75","171.10",5014192,"942,419,450.05",36722
"06-Sep-2019","EQ","184.90","189.70","182.00","184.60","189.00","188.40","186.19","259.75","171.10",5570553,"1,037,182,404.90",41149
"05-Sep-2019","EQ","182.25","188.65","182.25","181.65","184.60","184.60","184.41","259.75","171.10",5614061,"1,035,289,860.45",41755
"04-Sep-2019","EQ","179.00","182.20","176.60","178.40","181.50","181.65","179.36","259.75","171.10",5129501,"920,012,374.05",44745
"03-Sep-2019","EQ","182.50","182.50","177.40","184.45","177.85","178.40","180.37","259.75","171.10",4927852,"888,828,238.60",33621
"30-Aug-2019","EQ","182.25","187.00","181.45","179.70","184.50","184.45","184.48","259.75","171.10",13905732,"2,565,340,190.95",87801
"29-Aug-2019","EQ","176.80","180.90","174.90","178.40","179.25","179.70","177.78","259.75","171.10",5284552,"939,477,529.90",30936
"28-Aug-2019","EQ","181.50","182.00","176.50","181.20","178.80","178.40","178.29","259.75","171.10",5851491,"1,043,246,616.30",40001
"27-Aug-2019","EQ","180.00","182.45","177.70","178.75","182.40","181.20","180.93","259.75","171.10",6928021,"1,253,495,217.05",60196
"26-Aug-2019","EQ","182.05","182.25","171.10","180.25","178.80","178.75","175.33","259.75","171.10",7974145,"1,398,077,590.95",65782
"23-Aug-2019","EQ","173.60","181.95","172.15","176.55","181.60","180.25","176.96","259.75","171.60",7073375,"1,251,672,269.80",45261
"22-Aug-2019","EQ","174.00","179.30","172.65","177.05","175.50","176.55","175.91","259.75","171.60",7128023,"1,253,915,713.75",47940
"21-Aug-2019","EQ","178.90","178.90","173.25","179.40","176.40","177.05","175.84","259.75","171.60",6642215,"1,167,960,489.25",44455
"20-Aug-2019","EQ","182.00","182.35","177.80","181.15","179.25","179.40","179.25","259.75","171.60",4539348,"813,699,754.80",33069
"19-Aug-2019","EQ","180.15","182.25","177.75","179.80","182.00","181.15","180.56","259.75","171.60",5179954,"935,316,196.05",33070
"16-Aug-2019","EQ","179.10","181.50","173.70","180.60","179.15","179.80","177.76","259.75","171.60",7169006,"1,274,330,709.30",51362
"14-Aug-2019","EQ","176.60","181.25","176.00","176.25","180.45","180.60","179.79","259.75","171.60",5965374,"1,072,503,386.60",58645
"13-Aug-2019","EQ","175.25","180.30","173.00","176.20","175.75","176.25","176.76","259.75","171.60",6836149,"1,208,337,245.70",36050
"09-Aug-2019","EQ","181.00","184.45","173.30","181.05","177.00","176.20","178.83","259.75","171.60",14562944,"2,604,325,915.10",92713
"08-Aug-2019","EQ","177.50","181.80","175.40","176.40","181.00","181.05","179.52","259.75","171.60",6183264,"1,110,023,749.50",48066
"07-Aug-2019","EQ","183.00","184.10","175.80","180.70","177.20","176.40","179.37","259.75","171.60",6387281,"1,145,687,396.15",65922
"06-Aug-2019","EQ","173.00","182.60","173.00","175.75","180.15","180.70","178.99","259.75","171.60",10421582,"1,865,340,573.00",53191
"05-Aug-2019","EQ","178.00","178.00","171.60","180.40","175.75","175.75","174.53","259.75","171.60",9712978,"1,695,190,328.15",57448
"02-Aug-2019","EQ","179.80","182.30","176.35","182.75","179.85","180.40","179.31","259.75","176.35",11797603,"2,115,388,604.15",72643
"01-Aug-2019","EQ","189.00","189.25","180.30","190.55","182.60","182.75","183.30","259.75","180.30",11880072,"2,177,617,264.35",118293
"31-Jul-2019","EQ","188.00","191.25","184.80","190.10","190.60","190.55","188.94","259.75","182.20",9273653,"1,752,194,827.90",52927
"30-Jul-2019","EQ","192.40","194.80","188.85","193.25","190.00","190.10","192.08","259.75","182.20",6033395,"1,158,897,179.25",32731
"29-Jul-2019","EQ","196.35","198.50","192.40","198.00","193.00","193.25","194.63","259.75","182.20",6900021,"1,342,931,787.90",54118
"26-Jul-2019","EQ","196.75","199.35","194.75","196.75","197.90","198.00","197.51","259.75","182.20",5373373,"1,061,287,465.85",26111
"25-Jul-2019","EQ","197.90","200.25","195.45","197.25","197.20","196.75","197.21","259.75","182.20",5720563,"1,128,153,239.85",38146
"24-Jul-2019","EQ","203.05","203.90","195.65","203.10","197.95","197.25","198.01","259.75","182.20",5942539,"1,176,704,186.60",37011
"23-Jul-2019","EQ","202.05","204.25","200.40","202.40","202.60","203.10","202.52","259.75","182.20",4637360,"939,143,160.95",35020
"22-Jul-2019","EQ","195.95","205.45","194.80","196.00","202.70","202.40","200.14","259.75","182.20",9147466,"1,830,791,941.80",39995
"19-Jul-2019","EQ","202.00","203.70","195.00","200.55","196.10","196.00","198.53","259.75","182.20",6741873,"1,338,480,857.90",60079
"18-Jul-2019","EQ","201.90","202.90","199.35","203.45","200.00","200.55","200.90","259.75","182.20",5174253,"1,039,494,056.10",41235
"17-Jul-2019","EQ","198.90","204.20","198.10","199.10","203.90","203.45","201.70","259.75","182.20",4790772,"966,311,977.80",31123
"16-Jul-2019","EQ","199.40","202.50","197.50","200.15","198.95","199.10","199.27","259.75","182.20",6833661,"1,361,759,321.80",39214
"15-Jul-2019","EQ","198.55","201.00","195.80","198.85","200.20","200.15","198.45","259.75","182.20",3882644,"770,525,033.25",30643
"12-Jul-2019","EQ","199.00","201.45","197.40","198.45","198.50","198.85","199.35","259.75","182.20",3535841,"704,855,322.90",32524
"11-Jul-2019","EQ","196.50","199.25","194.85","193.65","199.00","198.45","197.10","259.75","182.20",4524147,"891,723,193.25",51342
"10-Jul-2019","EQ","196.00","197.40","192.50","197.90","193.45","193.65","194.59","259.75","182.20",5239125,"1,019,503,623.25",44135
"09-Jul-2019","EQ","197.00","199.00","193.10","197.60","197.90","197.90","195.84","259.75","182.20",6355556,"1,244,677,955.10",50996
"08-Jul-2019","EQ","197.00","200.50","195.00","198.90","197.50","197.60","198.58","259.75","182.20",6197157,"1,230,601,176.65",38817
"05-Jul-2019","EQ","206.55","206.80","198.00","206.90","199.40","198.90","201.67","259.75","182.20",8694153,"1,753,356,141.60",68461
"04-Jul-2019","EQ","208.40","209.50","206.25","208.70","206.50","206.90","207.96","259.75","182.20",4032487,"838,596,632.30",21677
"03-Jul-2019","EQ","208.75","210.30","205.35","209.35","208.15","208.70","207.90","259.75","182.20",5052706,"1,050,450,059.05",37835
"02-Jul-2019","EQ","209.00","210.20","206.00","208.90","208.75","209.35","208.26","259.75","182.20",3552844,"739,898,841.60",27741
"01-Jul-2019","EQ","208.10","210.60","207.20","207.05","208.85","208.90","208.54","259.75","182.20",6353325,"1,324,943,285.45",36859
"28-Jun-2019","EQ","206.00","207.60","203.55","206.10","207.20","207.05","206.06","259.75","182.20",5454954,"1,124,055,740.60",40794
"27-Jun-2019","EQ","209.65","210.40","205.35","208.35","205.50","206.10","207.46","259.75","182.20",8700344,"1,805,008,678.25",68383
"26-Jun-2019","EQ","201.50","208.95","201.05","202.50","208.80","208.35","204.77","259.75","182.20",6730323,"1,378,164,192.25",55134
"25-Jun-2019","EQ","196.50","203.90","194.50","198.20","202.10","202.50","200.58","259.75","182.20",8418631,"1,688,640,624.30",51590
"24-Jun-2019","EQ","197.00","203.25","196.50","197.65","198.10","198.20","199.10","259.75","182.20",10464941,"2,083,593,340.70",59737
"21-Jun-2019","EQ","193.90","198.30","193.15","194.30","198.15","197.65","196.82","259.75","182.20",7596593,"1,495,141,586.30",48389
"20-Jun-2019","EQ","190.20","194.80","188.10","190.05","194.25","194.30","192.05","259.75","182.20",6469404,"1,242,467,886.90",58057
"19-Jun-2019","EQ","192.25","196.25","188.40","189.95","190.00","190.05","191.97","259.75","182.20",11219284,"2,153,789,535.65",72918
"18-Jun-2019","EQ","193.45","195.30","189.30","193.60","190.30","189.95","191.29","259.75","182.20",8848621,"1,692,666,526.10",69985
"17-Jun-2019","EQ","199.00","199.00","193.00","198.25","193.45","193.60","194.88","259.75","182.20",5976790,"1,164,781,712.55",30905
"14-Jun-2019","EQ","198.40","200.70","196.80","199.65","197.15","198.25","199.00","259.75","182.20",3624064,"721,187,036.45",29696
"13-Jun-2019","EQ","198.95","200.35","196.70","199.30","199.50","199.65","198.96","259.75","182.20",4654391,"926,029,277.20",31968
"12-Jun-2019","EQ","198.60","202.90","197.15","199.60","199.10","199.30","200.08","259.75","182.20",6232564,"1,247,011,053.85",36796
"11-Jun-2019","EQ","198.90","200.90","195.65","198.25","199.55","199.60","199.15","259.75","182.20",5966155,"1,188,131,391.50",47018
"10-Jun-2019","EQ","196.80","198.60","195.00","194.80","198.05","198.25","196.64","259.75","182.20",3880878,"763,117,137.65",41860
"07-Jun-2019","EQ","194.85","196.65","193.40","194.85","194.50","194.80","194.78","259.75","182.20",3812625,"742,621,194.00",32919
"06-Jun-2019","EQ","197.80","198.45","193.70","197.80","194.45","194.85","195.71","259.75","182.20",6628617,"1,297,268,139.30",45611
"04-Jun-2019","EQ","198.85","200.50","196.85","199.40","198.00","197.80","198.41","259.75","182.20",4728557,"938,183,600.95",33520
"03-Jun-2019","EQ","197.00","200.40","194.40","197.00","199.40","199.40","197.34","259.75","182.20",5305570,"1,047,015,339.85",44943
"31-May-2019","EQ","199.05","199.70","195.20","198.55","197.00","197.00","197.01","259.75","182.20",8803541,"1,734,375,211.65",58439
"30-May-2019","EQ","199.10","200.80","196.30","199.30","198.55","198.55","198.52","259.75","182.20",7039964,"1,397,566,771.50",41323
"29-May-2019","EQ","201.00","201.00","197.25","201.85","199.10","199.30","198.70","259.75","182.20",5123395,"1,018,033,192.90",34963
"28-May-2019","EQ","200.60","207.15","200.60","200.60","201.25","201.85","203.35","259.75","182.20",12223332,"2,485,598,341.85",87505
"27-May-2019","EQ","196.00","201.85","195.30","195.80","200.00","200.60","199.56","259.75","182.20",4498005,"897,622,174.15",32478
"24-May-2019","EQ","193.00","196.45","190.00","191.75","195.65","195.80","193.35","259.75","182.20",6326402,"1,223,214,472.80",39533
"23-May-2019","EQ","201.00","201.00","190.85","198.00","191.70","191.75","195.64","259.75","182.20",7476261,"1,462,655,777.10",57370
"22-May-2019","EQ","196.00","199.35","195.00","196.00","197.95","198.00","197.33","259.75","182.20",5592495,"1,103,585,602.25",57616
"21-May-2019","EQ","199.75","200.00","193.20","198.75","195.75","196.00","195.41","259.75","182.20",5194195,"1,014,976,588.25",38103
"20-May-2019","EQ","194.50","199.70","193.75","191.70","199.70","198.75","197.74","259.75","182.20",5411945,"1,070,177,317.90",39791
"17-May-2019","EQ","192.00","192.80","187.25","194.60","191.90","191.70","189.79","259.75","182.20",13564609,"2,574,407,327.60",94760
"16-May-2019","EQ","191.25","195.90","190.00","190.65","193.60","194.60","193.08","259.75","182.20",10526494,"2,032,459,610.50",68660
"15-May-2019","EQ","192.95","196.00","189.65","192.95","190.20","190.65","193.16","259.75","182.20",6684736,"1,291,205,146.40",39652
"14-May-2019","EQ","191.00","193.95","188.00","192.20","193.20","192.95","192.06","259.75","182.20",8451501,"1,623,206,951.00",57061
"13-May-2019","EQ","194.90","194.90","191.40","195.80","192.25","192.20","193.54","259.75","182.20",6979614,"1,350,853,232.75",48407
"10-May-2019","EQ","199.10","201.05","193.60","198.15","195.05","195.80","197.25","259.75","182.20",8821650,"1,740,047,833.05",96698
"09-May-2019","EQ","201.70","201.90","196.25","200.00","198.50","198.15","198.19","259.75","182.20",10482577,"2,077,574,988.55",67449
"08-May-2019","EQ","200.00","202.90","196.65","200.45","202.75","200.00","198.31","259.75","182.20",7883819,"1,563,438,437.75",63596
"07-May-2019","EQ","199.20","204.25","199.20","198.90","201.00","200.45","202.24","259.75","182.20",9042640,"1,828,822,419.60",62551
"06-May-2019","EQ","197.00","200.95","196.80","205.10","198.50","198.90","199.04","259.75","182.20",8845838,"1,760,659,942.60",54299
"03-May-2019","EQ","206.00","206.00","202.65","204.70","205.00","205.10","204.73","259.75","182.20",5320008,"1,089,188,100.30",36745
"02-May-2019","EQ","204.25","207.65","201.60","206.05","205.70","204.70","205.23","259.75","182.20",7948283,"1,631,198,413.65",53237
"30-Apr-2019","EQ","202.00","206.60","199.05","201.15","205.65","206.05","203.37","259.75","182.20",8879385,"1,805,788,376.70",53982
"26-Apr-2019","EQ","197.80","201.90","196.50","196.55","201.50","201.15","199.24","264.95","182.20",7452786,"1,484,884,898.00",69972
"25-Apr-2019","EQ","200.85","202.65","195.75","200.70","196.80","196.55","199.30","264.95","182.20",6735299,"1,342,330,405.70",46085
"24-Apr-2019","EQ","200.40","201.40","197.20","200.35","200.50","200.70","199.09","264.95","182.20",6364227,"1,267,054,367.30",45312
"23-Apr-2019","EQ","200.00","202.85","198.75","200.40","200.20","200.35","201.10","264.95","182.20",4352433,"875,286,382.70",38129
"22-Apr-2019","EQ","207.30","207.80","199.60","207.20","199.70","200.40","202.58","264.95","182.20",9367081,"1,897,585,279.15",49573
"18-Apr-2019","EQ","216.15","216.15","206.25","214.95","207.00","207.20","209.15","267.80","182.20",7237958,"1,513,787,734.30",55954
"16-Apr-2019","EQ","214.00","217.90","213.15","212.75","214.95","214.95","216.13","267.80","182.20",6750812,"1,459,024,732.65",78996
"15-Apr-2019","EQ","210.00","214.75","210.00","209.75","212.95","212.75","213.28","267.80","182.20",4965812,"1,059,099,730.35",43665
"12-Apr-2019","EQ","211.30","212.00","208.00","211.30","209.55","209.75","209.52","267.80","182.20",5530088,"1,158,671,397.85",52155
"11-Apr-2019","EQ","211.00","212.55","209.70","211.70","211.70","211.30","210.73","267.80","182.20",5920717,"1,247,688,104.95",52022
"10-Apr-2019","EQ","214.50","216.75","209.65","217.15","211.60","211.70","212.71","267.80","182.20",13323115,"2,834,025,082.10",100065
"09-Apr-2019","EQ","214.45","217.85","211.60","214.45","217.15","217.15","214.61","267.80","182.20",3937427,"845,028,226.85",58763
"08-Apr-2019","EQ","216.70","217.80","213.05","215.40","213.65","214.45","215.30","267.80","182.20",5032285,"1,083,441,691.00",56309
"05-Apr-2019","EQ","210.50","216.80","209.75","210.45","216.20","215.40","212.68","267.80","182.20",7965595,"1,694,135,916.05",56796
"04-Apr-2019","EQ","215.45","215.45","210.00","215.95","210.50","210.45","211.17","267.80","182.20",7739096,"1,634,234,600.10",87896
"03-Apr-2019","EQ","217.05","219.10","214.10","216.95","214.75","215.95","216.55","267.80","182.20",4910619,"1,063,375,570.95",39891
"02-Apr-2019","EQ","216.25","218.30","213.20","215.90","217.00","216.95","216.18","267.80","182.20",8273747,"1,788,634,067.50",54022
"01-Apr-2019","EQ","208.55","218.75","208.55","205.50","216.35","215.90","216.32","267.80","182.20",18454840,"3,992,206,837.60",115837
"29-Mar-2019","EQ","205.85","207.90","204.45","202.35","204.90","205.50","205.88","267.80","182.20",12838741,"2,643,299,439.40",63666
"28-Mar-2019","EQ","206.95","208.30","201.55","207.65","203.10","202.35","203.61","267.80","182.20",8924025,"1,817,015,047.95",66278
"27-Mar-2019","EQ","209.05","210.85","206.70","208.50","206.90","207.65","209.04","267.80","182.20",5731820,"1,198,161,453.00",41108
"26-Mar-2019","EQ","205.55","209.35","204.60","205.45","208.25","208.50","206.57","267.80","182.20",5069088,"1,047,102,276.55",38046
"25-Mar-2019","EQ","206.50","206.50","201.90","209.10","204.75","205.45","204.31","267.80","182.20",7451785,"1,522,482,636.80",48140
"22-Mar-2019","EQ","208.10","211.55","206.05","207.15","208.40","209.10","209.10","267.80","182.20",11359037,"2,375,191,526.45",76709
"20-Mar-2019","EQ","203.00","207.95","203.00","202.35","207.20","207.15","206.49","267.80","182.20",8788334,"1,814,661,609.25",67798
"19-Mar-2019","EQ","200.00","204.25","199.45","199.55","202.00","202.35","202.38","267.80","182.20",6097075,"1,233,932,274.40",41791
"18-Mar-2019","EQ","200.70","201.00","197.50","199.05","199.85","199.55","199.24","267.80","182.20",4625891,"921,667,326.45",41830
"15-Mar-2019","EQ","201.50","202.55","197.25","200.75","199.40","199.05","199.21","267.80","182.20",7489589,"1,491,964,068.50",39266
"14-Mar-2019","EQ","202.35","204.60","199.75","202.30","200.50","200.75","201.42","267.80","182.20",5106833,"1,028,593,512.45",29407
"13-Mar-2019","EQ","204.00","205.30","200.70","203.40","202.00","202.30","202.57","267.80","182.20",4971396,"1,007,066,901.65",46228
"12-Mar-2019","EQ","203.00","206.90","202.10","201.05","203.50","203.40","204.55","267.80","182.20",10988099,"2,247,567,870.30",100520
"11-Mar-2019","EQ","197.00","202.00","196.10","195.55","201.95","201.05","199.30","267.80","182.20",5446100,"1,085,427,570.15",32492
"08-Mar-2019","EQ","197.00","197.60","193.60","200.60","196.00","195.55","195.29","267.80","182.20",10050458,"1,962,751,225.40",60070
"07-Mar-2019","EQ","203.75","203.75","199.90","202.75","200.55","200.60","201.52","267.80","182.20",5533457,"1,115,123,446.20",55294
"06-Mar-2019","EQ","200.00","203.95","199.65","198.75","203.00","202.75","202.15","267.80","182.20",13683897,"2,766,135,270.95",68467
"05-Mar-2019","EQ","195.00","199.45","194.50","196.15","198.20","198.75","197.72","267.80","182.20",7354264,"1,454,098,153.50",106910
"01-Mar-2019","EQ","198.10","198.90","195.30","195.75","196.40","196.15","196.44","267.80","182.20",6512004,"1,279,203,775.50",49055
"28-Feb-2019","EQ","197.70","198.20","195.00","195.95","196.50","195.75","196.36","267.80","182.20",9582600,"1,881,655,227.90",48464
"27-Feb-2019","EQ","199.00","199.00","194.60","196.50","195.15","195.95","196.25","267.80","182.20",11910998,"2,337,564,855.55",47093
"26-Feb-2019","EQ","192.75","197.20","189.05","196.50","196.50","196.50","194.29","267.80","182.20",9059558,"1,760,167,421.50",60311
"25-Feb-2019","EQ","197.00","198.50","194.35","196.45","196.05","196.50","196.33","267.80","182.20",6169952,"1,211,320,667.50",65258
"22-Feb-2019","EQ","194.30","197.00","192.30","194.40","196.80","196.45","194.51","267.80","182.20",8758060,"1,703,494,191.95",58838
"21-Feb-2019","EQ","193.90","195.50","192.25","193.00","194.30","194.40","194.28","267.80","182.20",6498528,"1,262,561,913.95",53835
"20-Feb-2019","EQ","187.80","193.90","187.55","186.55","193.90","193.00","191.15","267.80","182.20",7595081,"1,451,790,757.60",72976
"19-Feb-2019","EQ","185.10","189.25","184.10","184.55","186.60","186.55","186.59","267.80","182.20",5513105,"1,028,672,972.85",34323
"18-Feb-2019","EQ","187.00","188.70","183.90","186.60","184.65","184.55","185.18","267.80","182.20",6483004,"1,200,538,496.90",42426
"15-Feb-2019","EQ","192.30","192.50","182.20","191.75","186.20","186.60","186.20","267.80","182.20",12678835,"2,360,776,304.35",82092
"14-Feb-2019","EQ","197.60","198.55","190.30","198.20","192.05","191.75","192.93","267.80","190.30",10767206,"2,077,293,656.90",97922
"13-Feb-2019","EQ","199.00","200.90","197.20","198.35","197.60","198.20","198.93","267.80","192.35",6779939,"1,348,739,022.15",49459
"12-Feb-2019","EQ","199.00","202.70","197.00","199.45","198.25","198.35","200.11","267.80","192.35",16467366,"3,295,271,218.60",109266
"11-Feb-2019","EQ","204.90","204.90","195.65","205.90","199.50","199.45","199.61","267.80","192.35",8463393,"1,689,401,263.90",58524
"08-Feb-2019","EQ","208.95","209.15","204.40","209.20","205.90","205.90","206.32","267.80","192.35",3958618,"816,727,095.05",36518
"07-Feb-2019","EQ","211.90","212.65","208.20","211.40","209.20","209.20","209.81","267.80","192.35",6215565,"1,304,064,049.00",44988
"06-Feb-2019","EQ","205.60","212.10","202.50","204.75","211.90","211.40","207.89","267.80","192.35",5888996,"1,224,258,604.00",48726
"05-Feb-2019","EQ","205.90","208.75","202.70","204.20","204.20","204.75","205.64","267.80","192.35",4765441,"979,986,432.15",41233
"04-Feb-2019","EQ","209.90","209.90","201.45","211.40","204.10","204.20","204.35","267.80","192.35",6196724,"1,266,325,632.20",42847
"01-Feb-2019","EQ","208.00","212.35","203.50","208.50","209.95","211.40","209.51","267.80","192.35",10475839,"2,194,773,356.90",62865
"31-Jan-2019","EQ","206.10","210.00","204.35","205.80","208.65","208.50","207.46","267.80","192.35",6553608,"1,359,626,185.70",59347
"30-Jan-2019","EQ","200.40","206.25","200.40","199.55","205.35","205.80","203.98","267.80","192.35",5619506,"1,146,249,303.70",60838
"29-Jan-2019","EQ","199.10","200.70","197.45","200.00","199.60","199.55","199.48","267.80","192.35",4458350,"889,356,164.05",60198
"28-Jan-2019","EQ","204.45","206.50","198.30","204.45","200.10","200.00","201.38","267.80","192.35",5741120,"1,156,121,688.65",46748
"25-Jan-2019","EQ","206.20","207.95","203.25","205.05","204.30","204.45","205.73","270.70","192.35",4381964,"901,519,296.30",38694
"24-Jan-2019","EQ","206.00","206.20","203.25","205.45","205.05","205.05","204.65","270.70","192.35",3917176,"801,638,135.35",23878
"23-Jan-2019","EQ","203.55","207.30","203.45","203.55","205.00","205.45","205.46","270.70","192.35",5821081,"1,195,970,474.25",43669
"22-Jan-2019","EQ","206.35","206.35","201.00","207.65","203.75","203.55","203.46","270.70","192.35",7665916,"1,559,710,156.65",56970
"21-Jan-2019","EQ","209.10","209.90","205.10","208.80","206.65","207.65","207.64","270.70","192.35",4883723,"1,014,074,119.20",37182
"18-Jan-2019","EQ","206.65","209.40","205.95","206.00","208.95","208.80","207.63","274.65","192.35",6258424,"1,299,461,731.20",47476
"17-Jan-2019","EQ","208.50","208.70","205.30","208.40","206.00","206.00","206.73","274.65","192.35",6537377,"1,351,483,614.75",53144
"16-Jan-2019","EQ","209.80","210.50","206.55","208.50","208.20","208.40","208.41","274.65","192.35",8209760,"1,711,024,430.70",55712
"15-Jan-2019","EQ","207.35","209.00","205.65","206.15","208.50","208.50","207.71","274.65","192.35",7173758,"1,490,092,488.20",51179
"14-Jan-2019","EQ","205.50","206.60","203.40","205.85","206.15","206.15","205.52","274.65","192.35",5204874,"1,069,691,712.80",41500
"11-Jan-2019","EQ","204.00","207.95","204.00","204.00","205.60","205.85","206.23","279.05","192.35",13314252,"2,745,859,040.65",82997
"10-Jan-2019","EQ","206.00","206.65","203.05","205.70","204.00","204.00","204.07","279.05","192.35",9291967,"1,896,181,564.45",55621
"09-Jan-2019","EQ","208.50","209.25","203.10","206.50","206.00","205.70","205.37","279.05","192.35",13253349,"2,721,864,153.05",103148
"08-Jan-2019","EQ","208.50","209.55","205.30","208.55","206.40","206.50","207.12","279.05","192.35",13402916,"2,776,000,314.30",133953
"07-Jan-2019","EQ","213.80","214.75","207.90","210.90","208.50","208.55","211.10","279.05","192.35",8143876,"1,719,196,981.15",51236
"04-Jan-2019","EQ","210.00","212.40","207.55","209.20","210.65","210.90","209.65","284.00","192.35",17408469,"3,649,642,009.30",79016
"03-Jan-2019","EQ","214.30","215.70","208.10","214.55","208.95","209.20","211.76","284.00","192.35",8656029,"1,833,036,155.20",68525
"02-Jan-2019","EQ","218.95","219.15","213.65","222.75","214.50","214.55","216.08","284.00","192.35",10991026,"2,374,941,880.35",61681
"01-Jan-2019","EQ","225.50","225.75","221.60","226.20","222.90","222.75","222.96","284.00","192.35",5015702,"1,118,306,239.55",43810